epoch,time,train/box_loss,train/cls_loss,train/dfl_loss,metrics/precision(B),metrics/recall(B),metrics/mAP50(B),metrics/mAP50-95(B),val/box_loss,val/cls_loss,val/dfl_loss,lr/pg0,lr/pg1,lr/pg2
1,3.24159,5.322,3.79024,3.97753,0,0,0,0,5.74161,3.50712,6.04591,0,0,0
2,5.77644,5.59598,3.69789,4.15127,0,0,0,0,5.71828,3.50186,5.87132,1.9901e-05,1.9901e-05,1.9901e-05
3,8.53442,5.51757,3.66511,3.72958,0,0,0,0,5.67152,3.49297,5.54776,3.9604e-05,3.9604e-05,3.9604e-05
4,10.7962,5.4988,3.71978,3.38885,0,0,0,0,5.59821,3.48403,5.12124,5.9109e-05,5.9109e-05,5.9109e-05
5,13.2482,5.26874,3.63259,3.2059,0,0,0,0,5.49071,3.48421,4.60478,7.8416e-05,7.8416e-05,7.8416e-05
6,15.9924,5.17185,3.59416,2.71277,0,0,0,0,5.26491,3.50613,3.93883,9.7525e-05,9.7525e-05,9.7525e-05
7,18.4392,4.63259,3.57605,2.33363,0,0,0,0,4.83795,3.54141,3.11298,0.000116436,0.000116436,0.000116436
8,20.9369,4.39991,3.5198,2.11867,0.00048,0.00243,0.00024,2e-05,4.07528,3.58535,2.21241,0.000135149,0.000135149,0.000135149
9,23.1843,4.00045,3.52523,2.14074,0.00048,0.00243,0.00024,2e-05,4.07528,3.58535,2.21241,0.000153664,0.000153664,0.000153664
10,25.5472,3.84643,3.47516,1.87643,0.00571,0.02913,0.00301,0.00062,3.2238,3.60817,1.61725,0.000171981,0.000171981,0.000171981
11,27.9638,3.67232,3.42411,1.90407,0.00571,0.02913,0.00301,0.00062,3.2238,3.60817,1.61725,0.0001901,0.0001901,0.0001901
12,30.5972,3.6345,3.38762,1.62764,0.00667,0.03398,0.00355,0.0006,3.16603,3.60413,1.49165,0.000208021,0.000208021,0.000208021
13,32.8844,3.50709,3.35323,1.55524,0.00667,0.03398,0.00355,0.0006,3.16603,3.60413,1.49165,0.000225744,0.000225744,0.000225744
14,35.2997,3.46828,3.33237,1.59389,0.00286,0.01456,0.0015,0.00034,3.27638,3.5919,1.47923,0.000243269,0.000243269,0.000243269
15,37.3792,3.43012,3.25781,1.74451,0.00286,0.01456,0.0015,0.00034,3.27638,3.5919,1.47923,0.000260596,0.000260596,0.000260596
16,39.8088,3.22184,3.20029,1.44586,0,0,0,0,3.12685,3.56583,1.42729,0.000277725,0.000277725,0.000277725
17,42.2087,3.05021,3.05147,1.43606,0,0,0,0,3.12685,3.56583,1.42729,0.000294656,0.000294656,0.000294656
18,44.4843,3.09582,3.07521,1.43608,0,0,0,0,2.88288,3.52488,1.35426,0.000311389,0.000311389,0.000311389
19,46.8139,2.92359,2.90941,1.378,0,0,0,0,2.88288,3.52488,1.35426,0.000327924,0.000327924,0.000327924
20,49.0453,3.03652,2.89874,1.37988,0,0,0,0,2.65955,3.47106,1.30049,0.000344261,0.000344261,0.000344261
21,51.5289,2.94123,2.69369,1.38643,0,0,0,0,2.65955,3.47106,1.30049,0.0003604,0.0003604,0.0003604
22,53.8926,2.92439,2.69951,1.35118,0.00048,0.00243,0.00024,2e-05,2.57677,3.40137,1.29898,0.000376341,0.000376341,0.000376341
23,56.2448,2.94376,2.44394,1.2708,0.00048,0.00243,0.00024,2e-05,2.57677,3.40137,1.29898,0.000392084,0.000392084,0.000392084
24,58.609,2.92388,2.58631,1.25719,0.00048,0.00243,0.00024,2e-05,2.57677,3.40137,1.29898,0.000407629,0.000407629,0.000407629
25,61.2299,2.901,2.46967,1.23255,0.01857,0.09466,0.01188,0.0035,2.56592,3.2584,1.30218,0.000422976,0.000422976,0.000422976
26,63.606,2.77187,2.436,1.30222,0.01857,0.09466,0.01188,0.0035,2.56592,3.2584,1.30218,0.000438125,0.000438125,0.000438125
27,66.0348,2.82554,2.38701,1.25969,0.01857,0.09466,0.01188,0.0035,2.56592,3.2584,1.30218,0.000453076,0.000453076,0.000453076
28,68.4698,2.99587,2.23151,1.21447,0.10095,0.51456,0.11259,0.03662,2.54037,2.9892,1.2655,0.000467829,0.000467829,0.000467829
29,70.6771,2.48826,2.28193,1.29302,0.10095,0.51456,0.11259,0.03662,2.54037,2.9892,1.2655,0.000482384,0.000482384,0.000482384
30,73.1696,2.92223,2.23001,1.21094,0.10095,0.51456,0.11259,0.03662,2.54037,2.9892,1.2655,0.000496741,0.000496741,0.000496741
31,75.5379,2.67064,2.22741,1.23163,0.14333,0.73058,0.26639,0.07491,2.54413,2.64962,1.24608,0.0005109,0.0005109,0.0005109
32,77.8832,2.43183,2.14191,1.19402,0.14333,0.73058,0.26639,0.07491,2.54413,2.64962,1.24608,0.000524861,0.000524861,0.000524861
33,80.4365,2.68226,2.0375,1.16622,0.14333,0.73058,0.26639,0.07491,2.54413,2.64962,1.24608,0.000538624,0.000538624,0.000538624
34,82.9367,2.53594,2.06568,1.19208,0.13857,0.70631,0.24838,0.0717,2.62457,2.35819,1.29864,0.000552189,0.000552189,0.000552189
35,85.2582,2.59157,1.91711,1.18992,0.13857,0.70631,0.24838,0.0717,2.62457,2.35819,1.29864,0.000565556,0.000565556,0.000565556
36,87.7222,2.53507,1.82538,1.1732,0.13857,0.70631,0.24838,0.0717,2.62457,2.35819,1.29864,0.000578725,0.000578725,0.000578725
37,90.0837,2.4899,1.86786,1.17728,0.13857,0.70631,0.24838,0.0717,2.62457,2.35819,1.29864,0.000591696,0.000591696,0.000591696
38,92.3778,2.57819,1.98643,1.20023,0.28569,0.57767,0.25476,0.07137,2.66836,2.12539,1.34083,0.000604469,0.000604469,0.000604469
39,94.9249,2.60826,1.80851,1.14722,0.28569,0.57767,0.25476,0.07137,2.66836,2.12539,1.34083,0.000617044,0.000617044,0.000617044
40,97.105,2.36446,1.80971,1.14025,0.28569,0.57767,0.25476,0.07137,2.66836,2.12539,1.34083,0.000629421,0.000629421,0.000629421
41,99.8063,2.54292,1.82104,1.20082,0.28569,0.57767,0.25476,0.07137,2.66836,2.12539,1.34083,0.0006416,0.0006416,0.0006416
42,102.235,2.61683,1.76293,1.12477,0.34267,0.52427,0.29255,0.07811,2.74381,1.88419,1.38314,0.000653581,0.000653581,0.000653581
43,104.814,2.43263,1.69934,1.16578,0.34267,0.52427,0.29255,0.07811,2.74381,1.88419,1.38314,0.000665364,0.000665364,0.000665364
44,107.176,2.52182,1.64877,1.12929,0.34267,0.52427,0.29255,0.07811,2.74381,1.88419,1.38314,0.000676949,0.000676949,0.000676949
45,109.38,2.65561,1.77075,1.20769,0.34267,0.52427,0.29255,0.07811,2.74381,1.88419,1.38314,0.000688336,0.000688336,0.000688336
46,111.932,2.4695,1.68266,1.14106,0.47982,0.62864,0.44216,0.11895,2.5524,1.70116,1.30822,0.000699525,0.000699525,0.000699525
47,114.253,2.55259,1.62497,1.10373,0.47982,0.62864,0.44216,0.11895,2.5524,1.70116,1.30822,0.000710516,0.000710516,0.000710516
48,116.673,2.46598,1.64589,1.14705,0.47982,0.62864,0.44216,0.11895,2.5524,1.70116,1.30822,0.000721309,0.000721309,0.000721309
49,118.965,2.38566,1.63119,1.12824,0.47982,0.62864,0.44216,0.11895,2.5524,1.70116,1.30822,0.000731904,0.000731904,0.000731904
50,121.702,2.86626,1.66245,1.13228,0.48018,0.5801,0.43788,0.12699,2.4597,1.69931,1.28303,0.000742301,0.000742301,0.000742301
51,124.214,2.60535,1.60041,1.1,0.48018,0.5801,0.43788,0.12699,2.4597,1.69931,1.28303,0.0007525,0.0007525,0.0007525
52,126.867,2.477,1.53675,1.0878,0.48018,0.5801,0.43788,0.12699,2.4597,1.69931,1.28303,0.000762501,0.000762501,0.000762501
53,129.361,2.72289,1.59743,1.11902,0.48018,0.5801,0.43788,0.12699,2.4597,1.69931,1.28303,0.000772304,0.000772304,0.000772304
54,132.014,2.53392,1.63896,1.1065,0.48018,0.5801,0.43788,0.12699,2.4597,1.69931,1.28303,0.000781909,0.000781909,0.000781909
55,134.141,2.53572,1.59985,1.15457,0.37617,0.56311,0.34999,0.1089,2.51329,1.81341,1.28922,0.000791316,0.000791316,0.000791316
56,136.691,2.42289,1.6401,1.11931,0.37617,0.56311,0.34999,0.1089,2.51329,1.81341,1.28922,0.000800525,0.000800525,0.000800525
57,138.858,2.50679,1.88039,1.18585,0.37617,0.56311,0.34999,0.1089,2.51329,1.81341,1.28922,0.000809536,0.000809536,0.000809536
58,141.407,2.45097,1.60823,1.10875,0.37617,0.56311,0.34999,0.1089,2.51329,1.81341,1.28922,0.000818349,0.000818349,0.000818349
59,143.468,2.47321,1.90968,1.17595,0.37617,0.56311,0.34999,0.1089,2.51329,1.81341,1.28922,0.000826964,0.000826964,0.000826964
60,146.128,2.47901,1.57215,1.08836,0.43026,0.50485,0.3624,0.10972,2.52102,1.81748,1.26567,0.000835381,0.000835381,0.000835381
61,148.332,2.55745,1.70931,1.22111,0.43026,0.50485,0.3624,0.10972,2.52102,1.81748,1.26567,0.0008436,0.0008436,0.0008436
62,150.783,2.51623,1.59451,1.10824,0.43026,0.50485,0.3624,0.10972,2.52102,1.81748,1.26567,0.000851621,0.000851621,0.000851621
63,152.85,2.50615,1.66251,1.21852,0.43026,0.50485,0.3624,0.10972,2.52102,1.81748,1.26567,0.000859444,0.000859444,0.000859444
64,155.237,2.54273,1.64872,1.10399,0.43026,0.50485,0.3624,0.10972,2.52102,1.81748,1.26567,0.000867069,0.000867069,0.000867069
65,157.721,2.3145,1.44293,1.08534,0.42655,0.63107,0.37111,0.10674,2.59044,1.72725,1.28274,0.000874496,0.000874496,0.000874496
66,160.182,2.33305,1.46765,1.09732,0.42655,0.63107,0.37111,0.10674,2.59044,1.72725,1.28274,0.000881725,0.000881725,0.000881725
67,162.774,2.69112,1.71793,1.13779,0.42655,0.63107,0.37111,0.10674,2.59044,1.72725,1.28274,0.000888756,0.000888756,0.000888756
68,165.261,2.65794,1.49911,1.12749,0.42655,0.63107,0.37111,0.10674,2.59044,1.72725,1.28274,0.000895589,0.000895589,0.000895589
69,167.44,2.41231,1.62972,1.20312,0.42655,0.63107,0.37111,0.10674,2.59044,1.72725,1.28274,0.000902224,0.000902224,0.000902224
70,169.687,2.48483,1.57095,1.18826,0.42655,0.63107,0.37111,0.10674,2.59044,1.72725,1.28274,0.000908661,0.000908661,0.000908661
71,171.988,2.45348,1.6232,1.15438,0.52257,0.65777,0.43919,0.12296,2.56143,1.65522,1.26595,0.0009149,0.0009149,0.0009149
72,174.427,2.42635,1.57226,1.12264,0.52257,0.65777,0.43919,0.12296,2.56143,1.65522,1.26595,0.000920941,0.000920941,0.000920941
73,176.79,2.41347,1.6791,1.11126,0.52257,0.65777,0.43919,0.12296,2.56143,1.65522,1.26595,0.000926784,0.000926784,0.000926784
74,179.374,2.49313,1.59881,1.07561,0.52257,0.65777,0.43919,0.12296,2.56143,1.65522,1.26595,0.000932429,0.000932429,0.000932429
75,181.614,2.4338,1.53431,1.20623,0.52257,0.65777,0.43919,0.12296,2.56143,1.65522,1.26595,0.000937876,0.000937876,0.000937876
76,183.802,2.43008,1.72577,1.25631,0.52257,0.65777,0.43919,0.12296,2.56143,1.65522,1.26595,0.000943125,0.000943125,0.000943125
77,186.152,2.42507,1.56975,1.16882,0.46128,0.57282,0.37393,0.10623,2.61509,1.93451,1.27557,0.000948176,0.000948176,0.000948176
78,188.481,2.45186,1.51582,1.11205,0.46128,0.57282,0.37393,0.10623,2.61509,1.93451,1.27557,0.000953029,0.000953029,0.000953029
79,190.991,2.26963,1.44655,1.12167,0.46128,0.57282,0.37393,0.10623,2.61509,1.93451,1.27557,0.000957684,0.000957684,0.000957684
80,193.367,2.42184,1.68155,1.21407,0.46128,0.57282,0.37393,0.10623,2.61509,1.93451,1.27557,0.000962141,0.000962141,0.000962141
81,195.889,2.40479,1.51399,1.10584,0.46128,0.57282,0.37393,0.10623,2.61509,1.93451,1.27557,0.0009664,0.0009664,0.0009664
82,198.367,2.32413,1.5777,1.15019,0.46128,0.57282,0.37393,0.10623,2.61509,1.93451,1.27557,0.000970461,0.000970461,0.000970461
83,200.74,2.6307,1.5694,1.10508,0.46128,0.57282,0.37393,0.10623,2.61509,1.93451,1.27557,0.000974324,0.000974324,0.000974324
84,203.294,2.35638,1.47728,1.15052,0.53895,0.65049,0.48107,0.14891,2.38592,2.03808,1.18054,0.000977989,0.000977989,0.000977989
85,205.752,2.32711,1.5682,1.1102,0.53895,0.65049,0.48107,0.14891,2.38592,2.03808,1.18054,0.000981456,0.000981456,0.000981456
86,208.336,2.51858,1.65384,1.13471,0.53895,0.65049,0.48107,0.14891,2.38592,2.03808,1.18054,0.000984725,0.000984725,0.000984725
87,210.886,2.42739,1.71204,1.10939,0.53895,0.65049,0.48107,0.14891,2.38592,2.03808,1.18054,0.000987796,0.000987796,0.000987796
88,213.238,2.33602,1.44014,1.09955,0.53895,0.65049,0.48107,0.14891,2.38592,2.03808,1.18054,0.000990669,0.000990669,0.000990669
89,215.726,2.31819,1.40522,1.10639,0.53895,0.65049,0.48107,0.14891,2.38592,2.03808,1.18054,0.000993344,0.000993344,0.000993344
90,218.594,2.4754,1.5659,1.12149,0.53895,0.65049,0.48107,0.14891,2.38592,2.03808,1.18054,0.000995821,0.000995821,0.000995821
91,221.841,2.35765,1.44227,1.05108,0.52028,0.67233,0.4888,0.15726,2.35486,2.10166,1.15507,0.0009981,0.0009981,0.0009981
92,224.312,2.35026,1.45071,1.15203,0.52028,0.67233,0.4888,0.15726,2.35486,2.10166,1.15507,0.00100018,0.00100018,0.00100018
93,226.81,2.39424,1.56933,1.13936,0.52028,0.67233,0.4888,0.15726,2.35486,2.10166,1.15507,0.00100206,0.00100206,0.00100206
94,229.529,2.42579,1.50661,1.08863,0.52028,0.67233,0.4888,0.15726,2.35486,2.10166,1.15507,0.00100375,0.00100375,0.00100375
95,232.217,2.48736,1.52618,1.06888,0.52028,0.67233,0.4888,0.15726,2.35486,2.10166,1.15507,0.00100524,0.00100524,0.00100524
96,234.771,2.27694,1.55036,1.1447,0.52028,0.67233,0.4888,0.15726,2.35486,2.10166,1.15507,0.00100653,0.00100653,0.00100653
97,237.28,2.40625,1.55401,1.04695,0.52028,0.67233,0.4888,0.15726,2.35486,2.10166,1.15507,0.00100762,0.00100762,0.00100762
98,240.031,2.34944,1.44589,1.09674,0.52028,0.67233,0.4888,0.15726,2.35486,2.10166,1.15507,0.00100851,0.00100851,0.00100851
99,242.446,2.43867,1.63905,1.17068,0.4802,0.58748,0.43503,0.12837,2.36314,2.13366,1.16191,0.0010092,0.0010092,0.0010092
100,244.861,2.23056,1.65664,1.13522,0.4802,0.58748,0.43503,0.12837,2.36314,2.13366,1.16191,0.0010097,0.0010097,0.0010097
101,247.349,2.31881,1.43793,1.06706,0.4802,0.58748,0.43503,0.12837,2.36314,2.13366,1.16191,0.00101,0.00101,0.00101
102,249.846,2.32862,1.56491,1.10641,0.4802,0.58748,0.43503,0.12837,2.36314,2.13366,1.16191,0.0010001,0.0010001,0.0010001
103,252.45,2.41076,1.48844,1.09943,0.4802,0.58748,0.43503,0.12837,2.36314,2.13366,1.16191,0.0009902,0.0009902,0.0009902
104,254.634,2.2164,1.65874,1.14105,0.4802,0.58748,0.43503,0.12837,2.36314,2.13366,1.16191,0.0009803,0.0009803,0.0009803
105,257.048,2.40348,1.54279,1.10721,0.4802,0.58748,0.43503,0.12837,2.36314,2.13366,1.16191,0.0009704,0.0009704,0.0009704
106,259.337,2.25498,1.55927,1.09686,0.4802,0.58748,0.43503,0.12837,2.36314,2.13366,1.16191,0.0009605,0.0009605,0.0009605
107,261.722,2.23394,1.53337,1.13516,0.4938,0.58738,0.43311,0.13408,2.35192,2.05823,1.16331,0.0009506,0.0009506,0.0009506
108,264.132,2.27606,1.5396,1.11389,0.4938,0.58738,0.43311,0.13408,2.35192,2.05823,1.16331,0.0009407,0.0009407,0.0009407
109,266.484,2.41241,1.69328,1.19374,0.4938,0.58738,0.43311,0.13408,2.35192,2.05823,1.16331,0.0009308,0.0009308,0.0009308
110,268.86,2.38902,1.5073,1.06739,0.4938,0.58738,0.43311,0.13408,2.35192,2.05823,1.16331,0.0009209,0.0009209,0.0009209
111,271.318,2.35136,1.50806,1.12937,0.4938,0.58738,0.43311,0.13408,2.35192,2.05823,1.16331,0.000911,0.000911,0.000911
112,273.763,2.30336,1.47601,1.13094,0.4938,0.58738,0.43311,0.13408,2.35192,2.05823,1.16331,0.0009011,0.0009011,0.0009011
113,276.119,2.30506,1.41863,1.08817,0.4938,0.58738,0.43311,0.13408,2.35192,2.05823,1.16331,0.0008912,0.0008912,0.0008912
114,278.499,2.32654,1.59647,1.11654,0.4938,0.58738,0.43311,0.13408,2.35192,2.05823,1.16331,0.0008813,0.0008813,0.0008813
115,280.894,2.42262,1.60648,1.14979,0.53547,0.68269,0.50178,0.16781,2.28186,1.79819,1.14421,0.0008714,0.0008714,0.0008714
116,283.362,2.25379,1.53936,1.13411,0.53547,0.68269,0.50178,0.16781,2.28186,1.79819,1.14421,0.0008615,0.0008615,0.0008615
117,285.656,2.28996,1.45564,1.10965,0.53547,0.68269,0.50178,0.16781,2.28186,1.79819,1.14421,0.0008516,0.0008516,0.0008516
118,288.081,2.21605,1.47231,1.13227,0.53547,0.68269,0.50178,0.16781,2.28186,1.79819,1.14421,0.0008417,0.0008417,0.0008417
119,290.599,2.32157,1.55026,1.11335,0.53547,0.68269,0.50178,0.16781,2.28186,1.79819,1.14421,0.0008318,0.0008318,0.0008318
120,293.005,2.28331,1.55051,1.12037,0.53547,0.68269,0.50178,0.16781,2.28186,1.79819,1.14421,0.0008219,0.0008219,0.0008219
121,295.622,2.30549,1.49072,1.11025,0.53547,0.68269,0.50178,0.16781,2.28186,1.79819,1.14421,0.000812,0.000812,0.000812
122,298.087,2.45351,1.42935,1.08232,0.53547,0.68269,0.50178,0.16781,2.28186,1.79819,1.14421,0.0008021,0.0008021,0.0008021
123,300.551,2.19783,1.5781,1.17299,0.59908,0.70361,0.55433,0.18846,2.30039,1.72704,1.14916,0.0007922,0.0007922,0.0007922
124,302.823,2.34263,1.32189,1.05905,0.59908,0.70361,0.55433,0.18846,2.30039,1.72704,1.14916,0.0007823,0.0007823,0.0007823
125,305.181,2.28665,1.49978,1.1778,0.59908,0.70361,0.55433,0.18846,2.30039,1.72704,1.14916,0.0007724,0.0007724,0.0007724
126,307.663,2.29366,1.36702,1.10219,0.59908,0.70361,0.55433,0.18846,2.30039,1.72704,1.14916,0.0007625,0.0007625,0.0007625
127,310.028,2.28523,1.46017,1.1173,0.59908,0.70361,0.55433,0.18846,2.30039,1.72704,1.14916,0.0007526,0.0007526,0.0007526
128,312.655,2.48122,1.58441,1.13459,0.59908,0.70361,0.55433,0.18846,2.30039,1.72704,1.14916,0.0007427,0.0007427,0.0007427
129,315.196,2.25321,1.30061,1.084,0.59908,0.70361,0.55433,0.18846,2.30039,1.72704,1.14916,0.0007328,0.0007328,0.0007328
130,317.729,2.36469,1.35522,1.09076,0.59908,0.70361,0.55433,0.18846,2.30039,1.72704,1.14916,0.0007229,0.0007229,0.0007229
131,320.163,2.20731,1.37677,1.10478,0.61034,0.70631,0.5597,0.19596,2.23872,1.66441,1.11824,0.000713,0.000713,0.000713
132,322.44,2.28344,1.58156,1.15635,0.61034,0.70631,0.5597,0.19596,2.23872,1.66441,1.11824,0.0007031,0.0007031,0.0007031
133,324.696,2.29653,1.55392,1.15805,0.61034,0.70631,0.5597,0.19596,2.23872,1.66441,1.11824,0.0006932,0.0006932,0.0006932
134,327.195,2.29126,1.51068,1.12895,0.61034,0.70631,0.5597,0.19596,2.23872,1.66441,1.11824,0.0006833,0.0006833,0.0006833
135,329.917,2.33631,1.33535,1.09654,0.61034,0.70631,0.5597,0.19596,2.23872,1.66441,1.11824,0.0006734,0.0006734,0.0006734
136,332.783,2.28303,1.36531,1.08283,0.61034,0.70631,0.5597,0.19596,2.23872,1.66441,1.11824,0.0006635,0.0006635,0.0006635
137,335.003,2.24795,1.46442,1.13664,0.61034,0.70631,0.5597,0.19596,2.23872,1.66441,1.11824,0.0006536,0.0006536,0.0006536
138,337.3,2.55344,1.5473,1.08593,0.61034,0.70631,0.5597,0.19596,2.23872,1.66441,1.11824,0.0006437,0.0006437,0.0006437
139,339.654,2.24586,1.33291,1.09078,0.55152,0.67476,0.51184,0.167,2.27935,1.60945,1.11806,0.0006338,0.0006338,0.0006338
140,341.959,2.36265,1.32858,1.07685,0.55152,0.67476,0.51184,0.167,2.27935,1.60945,1.11806,0.0006239,0.0006239,0.0006239
141,344.479,2.32547,1.57036,1.02575,0.55152,0.67476,0.51184,0.167,2.27935,1.60945,1.11806,0.000614,0.000614,0.000614
142,346.778,2.26146,1.40701,1.10084,0.55152,0.67476,0.51184,0.167,2.27935,1.60945,1.11806,0.0006041,0.0006041,0.0006041
143,348.968,2.27692,1.44589,1.09231,0.55152,0.67476,0.51184,0.167,2.27935,1.60945,1.11806,0.0005942,0.0005942,0.0005942
144,351.355,2.26249,1.32972,1.08389,0.55152,0.67476,0.51184,0.167,2.27935,1.60945,1.11806,0.0005843,0.0005843,0.0005843
145,354.116,2.19497,1.44594,1.12374,0.55152,0.67476,0.51184,0.167,2.27935,1.60945,1.11806,0.0005744,0.0005744,0.0005744
146,356.281,2.2148,1.49614,1.17287,0.55152,0.67476,0.51184,0.167,2.27935,1.60945,1.11806,0.0005645,0.0005645,0.0005645
147,358.685,2.31676,1.69103,1.18363,0.56277,0.6699,0.51664,0.16509,2.27037,1.54709,1.10537,0.0005546,0.0005546,0.0005546
148,361.381,2.26493,1.53938,1.10102,0.56277,0.6699,0.51664,0.16509,2.27037,1.54709,1.10537,0.0005447,0.0005447,0.0005447
149,363.866,2.26803,1.56685,1.10988,0.56277,0.6699,0.51664,0.16509,2.27037,1.54709,1.10537,0.0005348,0.0005348,0.0005348
150,366.252,2.30185,1.48369,1.04602,0.56277,0.6699,0.51664,0.16509,2.27037,1.54709,1.10537,0.0005249,0.0005249,0.0005249
151,368.623,2.23831,1.53277,1.09643,0.56277,0.6699,0.51664,0.16509,2.27037,1.54709,1.10537,0.000515,0.000515,0.000515
152,370.849,2.19762,1.5917,1.14341,0.56277,0.6699,0.51664,0.16509,2.27037,1.54709,1.10537,0.0005051,0.0005051,0.0005051
153,373.134,2.2752,1.40534,1.06694,0.56277,0.6699,0.51664,0.16509,2.27037,1.54709,1.10537,0.0004952,0.0004952,0.0004952
154,375.524,2.2253,1.63958,1.164,0.56277,0.6699,0.51664,0.16509,2.27037,1.54709,1.10537,0.0004853,0.0004853,0.0004853
155,378.015,2.16247,1.2978,1.05685,0.57162,0.72873,0.57152,0.19365,2.20816,1.46444,1.08208,0.0004754,0.0004754,0.0004754
156,380.679,2.19828,1.43705,1.07338,0.57162,0.72873,0.57152,0.19365,2.20816,1.46444,1.08208,0.0004655,0.0004655,0.0004655
157,383.234,2.19671,1.43585,1.08339,0.57162,0.72873,0.57152,0.19365,2.20816,1.46444,1.08208,0.0004556,0.0004556,0.0004556
158,385.74,2.32923,1.42324,1.00928,0.57162,0.72873,0.57152,0.19365,2.20816,1.46444,1.08208,0.0004457,0.0004457,0.0004457
159,388.235,2.2823,1.4547,1.06286,0.57162,0.72873,0.57152,0.19365,2.20816,1.46444,1.08208,0.0004358,0.0004358,0.0004358
160,390.737,2.23672,1.48547,1.02447,0.57162,0.72873,0.57152,0.19365,2.20816,1.46444,1.08208,0.0004259,0.0004259,0.0004259
161,393.276,2.10914,1.4992,1.0987,0.57162,0.72873,0.57152,0.19365,2.20816,1.46444,1.08208,0.000416,0.000416,0.000416
162,395.644,2.1932,1.47516,1.11482,0.57162,0.72873,0.57152,0.19365,2.20816,1.46444,1.08208,0.0004061,0.0004061,0.0004061
163,398.066,2.17402,1.45082,1.07868,0.56827,0.7348,0.56436,0.19824,2.18039,1.4338,1.07749,0.0003962,0.0003962,0.0003962
164,400.495,2.19921,1.34627,1.09923,0.56827,0.7348,0.56436,0.19824,2.18039,1.4338,1.07749,0.0003863,0.0003863,0.0003863
165,403.142,2.41406,1.36029,1.03219,0.56827,0.7348,0.56436,0.19824,2.18039,1.4338,1.07749,0.0003764,0.0003764,0.0003764
166,405.766,2.15969,1.30811,1.04943,0.56827,0.7348,0.56436,0.19824,2.18039,1.4338,1.07749,0.0003665,0.0003665,0.0003665
167,408.324,2.17292,1.44322,1.12399,0.56827,0.7348,0.56436,0.19824,2.18039,1.4338,1.07749,0.0003566,0.0003566,0.0003566
168,410.794,2.13603,1.45755,1.09202,0.56827,0.7348,0.56436,0.19824,2.18039,1.4338,1.07749,0.0003467,0.0003467,0.0003467
169,413.422,2.15952,1.33756,1.03256,0.56827,0.7348,0.56436,0.19824,2.18039,1.4338,1.07749,0.0003368,0.0003368,0.0003368
170,415.916,2.09363,1.5581,1.06744,0.56827,0.7348,0.56436,0.19824,2.18039,1.4338,1.07749,0.0003269,0.0003269,0.0003269
171,418.258,2.13622,1.47641,1.13518,0.57302,0.76942,0.56597,0.20275,2.15575,1.4051,1.07532,0.000317,0.000317,0.000317
172,420.608,2.21465,1.42938,1.11766,0.57302,0.76942,0.56597,0.20275,2.15575,1.4051,1.07532,0.0003071,0.0003071,0.0003071
173,423.082,2.19747,1.63577,1.08559,0.57302,0.76942,0.56597,0.20275,2.15575,1.4051,1.07532,0.0002972,0.0002972,0.0002972
174,425.559,2.20272,1.31645,1.07442,0.57302,0.76942,0.56597,0.20275,2.15575,1.4051,1.07532,0.0002873,0.0002873,0.0002873
175,427.888,2.20484,1.48409,1.10774,0.57302,0.76942,0.56597,0.20275,2.15575,1.4051,1.07532,0.0002774,0.0002774,0.0002774
176,430.362,2.34378,1.52056,1.11216,0.57302,0.76942,0.56597,0.20275,2.15575,1.4051,1.07532,0.0002675,0.0002675,0.0002675
177,432.741,2.06542,1.38196,1.09544,0.57302,0.76942,0.56597,0.20275,2.15575,1.4051,1.07532,0.0002576,0.0002576,0.0002576
178,435.118,2.30603,1.62056,1.17251,0.57302,0.76942,0.56597,0.20275,2.15575,1.4051,1.07532,0.0002477,0.0002477,0.0002477
179,437.576,2.15542,1.47714,1.10721,0.59925,0.79484,0.59621,0.21905,2.14399,1.37607,1.07,0.0002378,0.0002378,0.0002378
180,439.929,2.07246,1.35858,1.10907,0.59925,0.79484,0.59621,0.21905,2.14399,1.37607,1.07,0.0002279,0.0002279,0.0002279
181,442.224,2.17939,1.47064,1.13386,0.59925,0.79484,0.59621,0.21905,2.14399,1.37607,1.07,0.000218,0.000218,0.000218
182,444.675,2.17372,1.31709,1.05985,0.59925,0.79484,0.59621,0.21905,2.14399,1.37607,1.07,0.0002081,0.0002081,0.0002081
183,447.124,2.26013,1.43516,1.0595,0.59925,0.79484,0.59621,0.21905,2.14399,1.37607,1.07,0.0001982,0.0001982,0.0001982
184,449.597,2.07654,1.35104,1.05281,0.59925,0.79484,0.59621,0.21905,2.14399,1.37607,1.07,0.0001883,0.0001883,0.0001883
185,452.273,2.24745,1.39914,1.03621,0.59925,0.79484,0.59621,0.21905,2.14399,1.37607,1.07,0.0001784,0.0001784,0.0001784
186,454.726,2.14541,1.28354,1.0169,0.59925,0.79484,0.59621,0.21905,2.14399,1.37607,1.07,0.0001685,0.0001685,0.0001685
187,457.368,2.2826,1.33283,1.047,0.6135,0.81311,0.6055,0.22633,2.14396,1.36264,1.06971,0.0001586,0.0001586,0.0001586
188,459.554,2.20544,1.40436,1.09368,0.6135,0.81311,0.6055,0.22633,2.14396,1.36264,1.06971,0.0001487,0.0001487,0.0001487
189,461.99,2.21439,1.40277,1.10053,0.6135,0.81311,0.6055,0.22633,2.14396,1.36264,1.06971,0.0001388,0.0001388,0.0001388
190,464.265,2.29098,1.48619,1.10794,0.6135,0.81311,0.6055,0.22633,2.14396,1.36264,1.06971,0.0001289,0.0001289,0.0001289
191,466.653,2.22205,1.56919,1.1071,0.6135,0.81311,0.6055,0.22633,2.14396,1.36264,1.06971,0.000119,0.000119,0.000119
192,468.892,2.2147,1.3886,1.06362,0.6135,0.81311,0.6055,0.22633,2.14396,1.36264,1.06971,0.0001091,0.0001091,0.0001091
193,471.138,2.11531,1.42204,1.10292,0.6135,0.81311,0.6055,0.22633,2.14396,1.36264,1.06971,9.92e-05,9.92e-05,9.92e-05
194,473.371,2.25663,1.55629,1.05411,0.6135,0.81311,0.6055,0.22633,2.14396,1.36264,1.06971,8.93e-05,8.93e-05,8.93e-05
195,475.623,2.11748,1.41052,1.02513,0.59487,0.80901,0.60096,0.22595,2.14073,1.35397,1.07014,7.94e-05,7.94e-05,7.94e-05
196,477.824,2.2695,1.61167,1.13915,0.59487,0.80901,0.60096,0.22595,2.14073,1.35397,1.07014,6.95e-05,6.95e-05,6.95e-05
197,480.202,2.11624,1.56711,1.13444,0.59487,0.80901,0.60096,0.22595,2.14073,1.35397,1.07014,5.96e-05,5.96e-05,5.96e-05
198,482.464,2.11818,1.45639,1.12156,0.59487,0.80901,0.60096,0.22595,2.14073,1.35397,1.07014,4.97e-05,4.97e-05,4.97e-05
199,484.731,2.15906,1.53047,1.15732,0.59487,0.80901,0.60096,0.22595,2.14073,1.35397,1.07014,3.98e-05,3.98e-05,3.98e-05
200,486.976,2.05333,1.44303,1.06899,0.59487,0.80901,0.60096,0.22595,2.14073,1.35397,1.07014,2.99e-05,2.99e-05,2.99e-05
